1,21,Nanggroe Aceh Darussalam (NAD),Kabupaten,Aceh Barat,2023-11-02 18:18:26,2023-11-02 18:18:26
2,21,Nanggroe Aceh Darussalam (NAD),Kabupaten,Aceh Barat Daya,2023-11-02 18:18:26,2023-11-02 18:18:26
3,21,Nanggroe Aceh Darussalam (NAD),Kabupaten,Aceh Besar,2023-11-02 18:18:26,2023-11-02 18:18:26
4,21,Nanggroe Aceh Darussalam (NAD),Kabupaten,Aceh Jaya,2023-11-02 18:18:26,2023-11-02 18:18:26
5,21,Nanggroe Aceh Darussalam (NAD),Kabupaten,Aceh Selatan,2023-11-02 18:18:26,2023-11-02 18:18:26
6,21,Nanggroe Aceh Darussalam (NAD),Kabupaten,Aceh Singkil,2023-11-02 18:18:26,2023-11-02 18:18:26
7,21,Nanggroe Aceh Darussalam (NAD),Kabupaten,Aceh Tamiang,2023-11-02 18:18:26,2023-11-02 18:18:26
8,21,Nanggroe Aceh Darussalam (NAD),Kabupaten,Aceh Tengah,2023-11-02 18:18:26,2023-11-02 18:18:26
9,21,Nanggroe Aceh Darussalam (NAD),Kabupaten,Aceh Tenggara,2023-11-02 18:18:26,2023-11-02 18:18:26
10,21,Nanggroe Aceh Darussalam (NAD),Kabupaten,Aceh Timur,2023-11-02 18:18:26,2023-11-02 18:18:26
11,21,Nanggroe Aceh Darussalam (NAD),Kabupaten,Aceh Utara,2023-11-02 18:18:26,2023-11-02 18:18:26
12,32,Sumatera Barat,Kabupaten,Agam,2023-11-02 18:18:26,2023-11-02 18:18:26
13,23,Nusa Tenggara Timur (NTT),Kabupaten,Alor,2023-11-02 18:18:26,2023-11-02 18:18:26
14,19,Maluku,Kota,Ambon,2023-11-02 18:18:26,2023-11-02 18:18:26
15,34,Sumatera Utara,Kabupaten,Asahan,2023-11-02 18:18:26,2023-11-02 18:18:26
16,24,Papua,Kabupaten,Asmat,2023-11-02 18:18:26,2023-11-02 18:18:26
17,1,Bali,Kabupaten,Badung,2023-11-02 18:18:26,2023-11-02 18:18:26
18,13,Kalimantan Selatan,Kabupaten,Balangan,2023-11-02 18:18:26,2023-11-02 18:18:26
19,15,Kalimantan Timur,Kota,Balikpapan,2023-11-02 18:18:26,2023-11-02 18:18:26
20,21,Nanggroe Aceh Darussalam (NAD),Kota,Banda Aceh,2023-11-02 18:18:26,2023-11-02 18:18:26
21,18,Lampung,Kota,Bandar Lampung,2023-11-02 18:18:26,2023-11-02 18:18:26
22,9,Jawa Barat,Kabupaten,Bandung,2023-11-02 18:18:26,2023-11-02 18:18:26
23,9,Jawa Barat,Kota,Bandung,2023-11-02 18:18:26,2023-11-02 18:18:26
24,9,Jawa Barat,Kabupaten,Bandung Barat,2023-11-02 18:18:26,2023-11-02 18:18:26
25,29,Sulawesi Tengah,Kabupaten,Banggai,2023-11-02 18:18:26,2023-11-02 18:18:26
26,29,Sulawesi Tengah,Kabupaten,Banggai Kepulauan,2023-11-02 18:18:26,2023-11-02 18:18:26
27,2,Bangka Belitung,Kabupaten,Bangka,2023-11-02 18:18:26,2023-11-02 18:18:26
28,2,Bangka Belitung,Kabupaten,Bangka Barat,2023-11-02 18:18:26,2023-11-02 18:18:26
29,2,Bangka Belitung,Kabupaten,Bangka Selatan,2023-11-02 18:18:26,2023-11-02 18:18:26
30,2,Bangka Belitung,Kabupaten,Bangka Tengah,2023-11-02 18:18:26,2023-11-02 18:18:26
31,11,Jawa Timur,Kabupaten,Bangkalan,2023-11-02 18:18:26,2023-11-02 18:18:26
32,1,Bali,Kabupaten,Bangli,2023-11-02 18:18:26,2023-11-02 18:18:26
33,13,Kalimantan Selatan,Kabupaten,Banjar,2023-11-02 18:18:26,2023-11-02 18:18:26
34,9,Jawa Barat,Kota,Banjar,2023-11-02 18:18:26,2023-11-02 18:18:26
35,13,Kalimantan Selatan,Kota,Banjarbaru,2023-11-02 18:18:26,2023-11-02 18:18:26
36,13,Kalimantan Selatan,Kota,Banjarmasin,2023-11-02 18:18:26,2023-11-02 18:18:26
37,10,Jawa Tengah,Kabupaten,Banjarnegara,2023-11-02 18:18:26,2023-11-02 18:18:26
38,28,Sulawesi Selatan,Kabupaten,Bantaeng,2023-11-02 18:18:26,2023-11-02 18:18:26
39,5,DI Yogyakarta,Kabupaten,Bantul,2023-11-02 18:18:26,2023-11-02 18:18:26
40,33,Sumatera Selatan,Kabupaten,Banyuasin,2023-11-02 18:18:26,2023-11-02 18:18:26
41,10,Jawa Tengah,Kabupaten,Banyumas,2023-11-02 18:18:26,2023-11-02 18:18:26
42,11,Jawa Timur,Kabupaten,Banyuwangi,2023-11-02 18:18:26,2023-11-02 18:18:26
43,13,Kalimantan Selatan,Kabupaten,Barito Kuala,2023-11-02 18:18:26,2023-11-02 18:18:26
44,14,Kalimantan Tengah,Kabupaten,Barito Selatan,2023-11-02 18:18:26,2023-11-02 18:18:26
45,14,Kalimantan Tengah,Kabupaten,Barito Timur,2023-11-02 18:18:26,2023-11-02 18:18:26
46,14,Kalimantan Tengah,Kabupaten,Barito Utara,2023-11-02 18:18:26,2023-11-02 18:18:26
47,28,Sulawesi Selatan,Kabupaten,Barru,2023-11-02 18:18:26,2023-11-02 18:18:26
48,17,Kepulauan Riau,Kota,Batam,2023-11-02 18:18:26,2023-11-02 18:18:26
49,10,Jawa Tengah,Kabupaten,Batang,2023-11-02 18:18:26,2023-11-02 18:18:26
50,8,Jambi,Kabupaten,Batang Hari,2023-11-02 18:18:26,2023-11-02 18:18:26
51,11,Jawa Timur,Kota,Batu,2023-11-02 18:18:26,2023-11-02 18:18:26
52,34,Sumatera Utara,Kabupaten,Batu Bara,2023-11-02 18:18:26,2023-11-02 18:18:26
53,30,Sulawesi Tenggara,Kota,Bau-Bau,2023-11-02 18:18:26,2023-11-02 18:18:26
54,9,Jawa Barat,Kabupaten,Bekasi,2023-11-02 18:18:26,2023-11-02 18:18:26
55,9,Jawa Barat,Kota,Bekasi,2023-11-02 18:18:26,2023-11-02 18:18:26
56,2,Bangka Belitung,Kabupaten,Belitung,2023-11-02 18:18:26,2023-11-02 18:18:26
57,2,Bangka Belitung,Kabupaten,Belitung Timur,2023-11-02 18:18:26,2023-11-02 18:18:26
58,23,Nusa Tenggara Timur (NTT),Kabupaten,Belu,2023-11-02 18:18:26,2023-11-02 18:18:26
59,21,Nanggroe Aceh Darussalam (NAD),Kabupaten,Bener Meriah,2023-11-02 18:18:26,2023-11-02 18:18:26
60,26,Riau,Kabupaten,Bengkalis,2023-11-02 18:18:26,2023-11-02 18:18:26
61,12,Kalimantan Barat,Kabupaten,Bengkayang,2023-11-02 18:18:26,2023-11-02 18:18:26
62,4,Bengkulu,Kota,Bengkulu,2023-11-02 18:18:26,2023-11-02 18:18:26
63,4,Bengkulu,Kabupaten,Bengkulu Selatan,2023-11-02 18:18:26,2023-11-02 18:18:26
64,4,Bengkulu,Kabupaten,Bengkulu Tengah,2023-11-02 18:18:26,2023-11-02 18:18:26
65,4,Bengkulu,Kabupaten,Bengkulu Utara,2023-11-02 18:18:26,2023-11-02 18:18:26
66,15,Kalimantan Timur,Kabupaten,Berau,2023-11-02 18:18:26,2023-11-02 18:18:26
67,24,Papua,Kabupaten,Biak Numfor,2023-11-02 18:18:26,2023-11-02 18:18:26
68,22,Nusa Tenggara Barat (NTB),Kabupaten,Bima,2023-11-02 18:18:26,2023-11-02 18:18:26
69,22,Nusa Tenggara Barat (NTB),Kota,Bima,2023-11-02 18:18:26,2023-11-02 18:18:26
70,34,Sumatera Utara,Kota,Binjai,2023-11-02 18:18:26,2023-11-02 18:18:26
71,17,Kepulauan Riau,Kabupaten,Bintan,2023-11-02 18:18:26,2023-11-02 18:18:26
72,21,Nanggroe Aceh Darussalam (NAD),Kabupaten,Bireuen,2023-11-02 18:18:26,2023-11-02 18:18:26
73,31,Sulawesi Utara,Kota,Bitung,2023-11-02 18:18:26,2023-11-02 18:18:26
74,11,Jawa Timur,Kabupaten,Blitar,2023-11-02 18:18:26,2023-11-02 18:18:26
75,11,Jawa Timur,Kota,Blitar,2023-11-02 18:18:26,2023-11-02 18:18:26
76,10,Jawa Tengah,Kabupaten,Blora,2023-11-02 18:18:26,2023-11-02 18:18:26
77,7,Gorontalo,Kabupaten,Boalemo,2023-11-02 18:18:26,2023-11-02 18:18:26
78,9,Jawa Barat,Kabupaten,Bogor,2023-11-02 18:18:26,2023-11-02 18:18:26
79,9,Jawa Barat,Kota,Bogor,2023-11-02 18:18:26,2023-11-02 18:18:26
80,11,Jawa Timur,Kabupaten,Bojonegoro,2023-11-02 18:18:26,2023-11-02 18:18:26
81,31,Sulawesi Utara,Kabupaten,Bolaang Mongondow (Bolmong),2023-11-02 18:18:26,2023-11-02 18:18:26
82,31,Sulawesi Utara,Kabupaten,Bolaang Mongondow Selatan,2023-11-02 18:18:26,2023-11-02 18:18:26
83,31,Sulawesi Utara,Kabupaten,Bolaang Mongondow Timur,2023-11-02 18:18:26,2023-11-02 18:18:26
84,31,Sulawesi Utara,Kabupaten,Bolaang Mongondow Utara,2023-11-02 18:18:26,2023-11-02 18:18:26
85,30,Sulawesi Tenggara,Kabupaten,Bombana,2023-11-02 18:18:26,2023-11-02 18:18:26
86,11,Jawa Timur,Kabupaten,Bondowoso,2023-11-02 18:18:26,2023-11-02 18:18:26
87,28,Sulawesi Selatan,Kabupaten,Bone,2023-11-02 18:18:26,2023-11-02 18:18:26
88,7,Gorontalo,Kabupaten,Bone Bolango,2023-11-02 18:18:26,2023-11-02 18:18:26
89,15,Kalimantan Timur,Kota,Bontang,2023-11-02 18:18:26,2023-11-02 18:18:26
90,24,Papua,Kabupaten,Boven Digoel,2023-11-02 18:18:26,2023-11-02 18:18:26
91,10,Jawa Tengah,Kabupaten,Boyolali,2023-11-02 18:18:26,2023-11-02 18:18:26
92,10,Jawa Tengah,Kabupaten,Brebes,2023-11-02 18:18:26,2023-11-02 18:18:26
93,32,Sumatera Barat,Kota,Bukittinggi,2023-11-02 18:18:26,2023-11-02 18:18:26
94,1,Bali,Kabupaten,Buleleng,2023-11-02 18:18:26,2023-11-02 18:18:26
95,28,Sulawesi Selatan,Kabupaten,Bulukumba,2023-11-02 18:18:26,2023-11-02 18:18:26
96,16,Kalimantan Utara,Kabupaten,Bulungan (Bulongan),2023-11-02 18:18:26,2023-11-02 18:18:26
97,8,Jambi,Kabupaten,Bungo,2023-11-02 18:18:26,2023-11-02 18:18:26
98,29,Sulawesi Tengah,Kabupaten,Buol,2023-11-02 18:18:26,2023-11-02 18:18:26
99,19,Maluku,Kabupaten,Buru,2023-11-02 18:18:26,2023-11-02 18:18:26
100,19,Maluku,Kabupaten,Buru Selatan,2023-11-02 18:18:26,2023-11-02 18:18:26
101,30,Sulawesi Tenggara,Kabupaten,Buton,2023-11-02 18:18:26,2023-11-02 18:18:26
102,30,Sulawesi Tenggara,Kabupaten,Buton Utara,2023-11-02 18:18:26,2023-11-02 18:18:26
103,9,Jawa Barat,Kabupaten,Ciamis,2023-11-02 18:18:26,2023-11-02 18:18:26
104,9,Jawa Barat,Kabupaten,Cianjur,2023-11-02 18:18:26,2023-11-02 18:18:26
105,10,Jawa Tengah,Kabupaten,Cilacap,2023-11-02 18:18:26,2023-11-02 18:18:26
106,3,Banten,Kota,Cilegon,2023-11-02 18:18:26,2023-11-02 18:18:26
107,9,Jawa Barat,Kota,Cimahi,2023-11-02 18:18:26,2023-11-02 18:18:26
108,9,Jawa Barat,Kabupaten,Cirebon,2023-11-02 18:18:26,2023-11-02 18:18:26
109,9,Jawa Barat,Kota,Cirebon,2023-11-02 18:18:26,2023-11-02 18:18:26
110,34,Sumatera Utara,Kabupaten,Dairi,2023-11-02 18:18:26,2023-11-02 18:18:26
111,24,Papua,Kabupaten,Deiyai (Deliyai),2023-11-02 18:18:26,2023-11-02 18:18:26
112,34,Sumatera Utara,Kabupaten,Deli Serdang,2023-11-02 18:18:26,2023-11-02 18:18:26
113,10,Jawa Tengah,Kabupaten,Demak,2023-11-02 18:18:26,2023-11-02 18:18:26
114,1,Bali,Kota,Denpasar,2023-11-02 18:18:26,2023-11-02 18:18:26
115,9,Jawa Barat,Kota,Depok,2023-11-02 18:18:26,2023-11-02 18:18:26
116,32,Sumatera Barat,Kabupaten,Dharmasraya,2023-11-02 18:18:26,2023-11-02 18:18:26
117,24,Papua,Kabupaten,Dogiyai,2023-11-02 18:18:26,2023-11-02 18:18:26
118,22,Nusa Tenggara Barat (NTB),Kabupaten,Dompu,2023-11-02 18:18:26,2023-11-02 18:18:26
119,29,Sulawesi Tengah,Kabupaten,Donggala,2023-11-02 18:18:26,2023-11-02 18:18:26
120,26,Riau,Kota,Dumai,2023-11-02 18:18:26,2023-11-02 18:18:26
121,33,Sumatera Selatan,Kabupaten,Empat Lawang,2023-11-02 18:18:26,2023-11-02 18:18:26
122,23,Nusa Tenggara Timur (NTT),Kabupaten,Ende,2023-11-02 18:18:26,2023-11-02 18:18:26
123,28,Sulawesi Selatan,Kabupaten,Enrekang,2023-11-02 18:18:26,2023-11-02 18:18:26
124,25,Papua Barat,Kabupaten,Fakfak,2023-11-02 18:18:26,2023-11-02 18:18:26
125,23,Nusa Tenggara Timur (NTT),Kabupaten,Flores Timur,2023-11-02 18:18:26,2023-11-02 18:18:26
126,9,Jawa Barat,Kabupaten,Garut,2023-11-02 18:18:26,2023-11-02 18:18:26
127,21,Nanggroe Aceh Darussalam (NAD),Kabupaten,Gayo Lues,2023-11-02 18:18:26,2023-11-02 18:18:26
128,1,Bali,Kabupaten,Gianyar,2023-11-02 18:18:26,2023-11-02 18:18:26
129,7,Gorontalo,Kabupaten,Gorontalo,2023-11-02 18:18:26,2023-11-02 18:18:26
130,7,Gorontalo,Kota,Gorontalo,2023-11-02 18:18:26,2023-11-02 18:18:26
131,7,Gorontalo,Kabupaten,Gorontalo Utara,2023-11-02 18:18:26,2023-11-02 18:18:26
132,28,Sulawesi Selatan,Kabupaten,Gowa,2023-11-02 18:18:26,2023-11-02 18:18:26
133,11,Jawa Timur,Kabupaten,Gresik,2023-11-02 18:18:26,2023-11-02 18:18:26
134,10,Jawa Tengah,Kabupaten,Grobogan,2023-11-02 18:18:26,2023-11-02 18:18:26
135,5,DI Yogyakarta,Kabupaten,Gunung Kidul,2023-11-02 18:18:26,2023-11-02 18:18:26
136,14,Kalimantan Tengah,Kabupaten,Gunung Mas,2023-11-02 18:18:26,2023-11-02 18:18:26
137,34,Sumatera Utara,Kota,Gunungsitoli,2023-11-02 18:18:26,2023-11-02 18:18:26
138,20,Maluku Utara,Kabupaten,Halmahera Barat,2023-11-02 18:18:26,2023-11-02 18:18:26
139,20,Maluku Utara,Kabupaten,Halmahera Selatan,2023-11-02 18:18:26,2023-11-02 18:18:26
140,20,Maluku Utara,Kabupaten,Halmahera Tengah,2023-11-02 18:18:26,2023-11-02 18:18:26
141,20,Maluku Utara,Kabupaten,Halmahera Timur,2023-11-02 18:18:26,2023-11-02 18:18:26
142,20,Maluku Utara,Kabupaten,Halmahera Utara,2023-11-02 18:18:26,2023-11-02 18:18:26
143,13,Kalimantan Selatan,Kabupaten,Hulu Sungai Selatan,2023-11-02 18:18:26,2023-11-02 18:18:26
144,13,Kalimantan Selatan,Kabupaten,Hulu Sungai Tengah,2023-11-02 18:18:26,2023-11-02 18:18:26
145,13,Kalimantan Selatan,Kabupaten,Hulu Sungai Utara,2023-11-02 18:18:26,2023-11-02 18:18:26
146,34,Sumatera Utara,Kabupaten,Humbang Hasundutan,2023-11-02 18:18:26,2023-11-02 18:18:26
147,26,Riau,Kabupaten,Indragiri Hilir,2023-11-02 18:18:26,2023-11-02 18:18:26
148,26,Riau,Kabupaten,Indragiri Hulu,2023-11-02 18:18:26,2023-11-02 18:18:26
149,9,Jawa Barat,Kabupaten,Indramayu,2023-11-02 18:18:26,2023-11-02 18:18:26
150,24,Papua,Kabupaten,Intan Jaya,2023-11-02 18:18:26,2023-11-02 18:18:26
151,6,DKI Jakarta,Kota,Jakarta Barat,2023-11-02 18:18:26,2023-11-02 18:18:26
152,6,DKI Jakarta,Kota,Jakarta Pusat,2023-11-02 18:18:26,2023-11-02 18:18:26
153,6,DKI Jakarta,Kota,Jakarta Selatan,2023-11-02 18:18:26,2023-11-02 18:18:26
154,6,DKI Jakarta,Kota,Jakarta Timur,2023-11-02 18:18:26,2023-11-02 18:18:26
155,6,DKI Jakarta,Kota,Jakarta Utara,2023-11-02 18:18:26,2023-11-02 18:18:26
156,8,Jambi,Kota,Jambi,2023-11-02 18:18:26,2023-11-02 18:18:26
157,24,Papua,Kabupaten,Jayapura,2023-11-02 18:18:26,2023-11-02 18:18:26
158,24,Papua,Kota,Jayapura,2023-11-02 18:18:26,2023-11-02 18:18:26
159,24,Papua,Kabupaten,Jayawijaya,2023-11-02 18:18:26,2023-11-02 18:18:26
160,11,Jawa Timur,Kabupaten,Jember,2023-11-02 18:18:26,2023-11-02 18:18:26
161,1,Bali,Kabupaten,Jembrana,2023-11-02 18:18:26,2023-11-02 18:18:26
162,28,Sulawesi Selatan,Kabupaten,Jeneponto,2023-11-02 18:18:26,2023-11-02 18:18:26
163,10,Jawa Tengah,Kabupaten,Jepara,2023-11-02 18:18:26,2023-11-02 18:18:26
164,11,Jawa Timur,Kabupaten,Jombang,2023-11-02 18:18:26,2023-11-02 18:18:26
165,25,Papua Barat,Kabupaten,Kaimana,2023-11-02 18:18:26,2023-11-02 18:18:26
166,26,Riau,Kabupaten,Kampar,2023-11-02 18:18:26,2023-11-02 18:18:26
167,14,Kalimantan Tengah,Kabupaten,Kapuas,2023-11-02 18:18:26,2023-11-02 18:18:26
168,12,Kalimantan Barat,Kabupaten,Kapuas Hulu,2023-11-02 18:18:26,2023-11-02 18:18:26
169,10,Jawa Tengah,Kabupaten,Karanganyar,2023-11-02 18:18:26,2023-11-02 18:18:26
170,1,Bali,Kabupaten,Karangasem,2023-11-02 18:18:26,2023-11-02 18:18:26
171,9,Jawa Barat,Kabupaten,Karawang,2023-11-02 18:18:26,2023-11-02 18:18:26
172,17,Kepulauan Riau,Kabupaten,Karimun,2023-11-02 18:18:26,2023-11-02 18:18:26
173,34,Sumatera Utara,Kabupaten,Karo,2023-11-02 18:18:26,2023-11-02 18:18:26
174,14,Kalimantan Tengah,Kabupaten,Katingan,2023-11-02 18:18:26,2023-11-02 18:18:26
175,4,Bengkulu,Kabupaten,Kaur,2023-11-02 18:18:26,2023-11-02 18:18:26
176,12,Kalimantan Barat,Kabupaten,Kayong Utara,2023-11-02 18:18:26,2023-11-02 18:18:26
177,10,Jawa Tengah,Kabupaten,Kebumen,2023-11-02 18:18:26,2023-11-02 18:18:26
178,11,Jawa Timur,Kabupaten,Kediri,2023-11-02 18:18:26,2023-11-02 18:18:26
179,11,Jawa Timur,Kota,Kediri,2023-11-02 18:18:26,2023-11-02 18:18:26
180,24,Papua,Kabupaten,Keerom,2023-11-02 18:18:26,2023-11-02 18:18:26
181,10,Jawa Tengah,Kabupaten,Kendal,2023-11-02 18:18:26,2023-11-02 18:18:26
182,30,Sulawesi Tenggara,Kota,Kendari,2023-11-02 18:18:26,2023-11-02 18:18:26
183,4,Bengkulu,Kabupaten,Kepahiang,2023-11-02 18:18:26,2023-11-02 18:18:26
184,17,Kepulauan Riau,Kabupaten,Kepulauan Anambas,2023-11-02 18:18:26,2023-11-02 18:18:26
185,19,Maluku,Kabupaten,Kepulauan Aru,2023-11-02 18:18:26,2023-11-02 18:18:26
186,32,Sumatera Barat,Kabupaten,Kepulauan Mentawai,2023-11-02 18:18:26,2023-11-02 18:18:26
187,26,Riau,Kabupaten,Kepulauan Meranti,2023-11-02 18:18:26,2023-11-02 18:18:26
188,31,Sulawesi Utara,Kabupaten,Kepulauan Sangihe,2023-11-02 18:18:26,2023-11-02 18:18:26
189,6,DKI Jakarta,Kabupaten,Kepulauan Seribu,2023-11-02 18:18:26,2023-11-02 18:18:26
190,31,Sulawesi Utara,Kabupaten,Kepulauan Siau Tagulandang Biaro (Sitaro),2023-11-02 18:18:26,2023-11-02 18:18:26
191,20,Maluku Utara,Kabupaten,Kepulauan Sula,2023-11-02 18:18:26,2023-11-02 18:18:26
192,31,Sulawesi Utara,Kabupaten,Kepulauan Talaud,2023-11-02 18:18:26,2023-11-02 18:18:26
193,24,Papua,Kabupaten,Kepulauan Yapen (Yapen Waropen),2023-11-02 18:18:26,2023-11-02 18:18:26
194,8,Jambi,Kabupaten,Kerinci,2023-11-02 18:18:26,2023-11-02 18:18:26
195,12,Kalimantan Barat,Kabupaten,Ketapang,2023-11-02 18:18:26,2023-11-02 18:18:26
196,10,Jawa Tengah,Kabupaten,Klaten,2023-11-02 18:18:26,2023-11-02 18:18:26
197,1,Bali,Kabupaten,Klungkung,2023-11-02 18:18:26,2023-11-02 18:18:26
198,30,Sulawesi Tenggara,Kabupaten,Kolaka,2023-11-02 18:18:26,2023-11-02 18:18:26
199,30,Sulawesi Tenggara,Kabupaten,Kolaka Utara,2023-11-02 18:18:26,2023-11-02 18:18:26
200,30,Sulawesi Tenggara,Kabupaten,Konawe,2023-11-02 18:18:26,2023-11-02 18:18:26
201,30,Sulawesi Tenggara,Kabupaten,Konawe Selatan,2023-11-02 18:18:26,2023-11-02 18:18:26
202,30,Sulawesi Tenggara,Kabupaten,Konawe Utara,2023-11-02 18:18:26,2023-11-02 18:18:26
203,13,Kalimantan Selatan,Kabupaten,Kotabaru,2023-11-02 18:18:26,2023-11-02 18:18:26
204,31,Sulawesi Utara,Kota,Kotamobagu,2023-11-02 18:18:26,2023-11-02 18:18:26
205,14,Kalimantan Tengah,Kabupaten,Kotawaringin Barat,2023-11-02 18:18:26,2023-11-02 18:18:26
206,14,Kalimantan Tengah,Kabupaten,Kotawaringin Timur,2023-11-02 18:18:26,2023-11-02 18:18:26
207,26,Riau,Kabupaten,Kuantan Singingi,2023-11-02 18:18:26,2023-11-02 18:18:26
208,12,Kalimantan Barat,Kabupaten,Kubu Raya,2023-11-02 18:18:26,2023-11-02 18:18:26
209,10,Jawa Tengah,Kabupaten,Kudus,2023-11-02 18:18:26,2023-11-02 18:18:26
210,5,DI Yogyakarta,Kabupaten,Kulon Progo,2023-11-02 18:18:26,2023-11-02 18:18:26
211,9,Jawa Barat,Kabupaten,Kuningan,2023-11-02 18:18:26,2023-11-02 18:18:26
212,23,Nusa Tenggara Timur (NTT),Kabupaten,Kupang,2023-11-02 18:18:26,2023-11-02 18:18:26
213,23,Nusa Tenggara Timur (NTT),Kota,Kupang,2023-11-02 18:18:26,2023-11-02 18:18:26
214,15,Kalimantan Timur,Kabupaten,Kutai Barat,2023-11-02 18:18:26,2023-11-02 18:18:26
215,15,Kalimantan Timur,Kabupaten,Kutai Kartanegara,2023-11-02 18:18:26,2023-11-02 18:18:26
216,15,Kalimantan Timur,Kabupaten,Kutai Timur,2023-11-02 18:18:26,2023-11-02 18:18:26
217,34,Sumatera Utara,Kabupaten,Labuhan Batu,2023-11-02 18:18:26,2023-11-02 18:18:26
218,34,Sumatera Utara,Kabupaten,Labuhan Batu Selatan,2023-11-02 18:18:26,2023-11-02 18:18:26
219,34,Sumatera Utara,Kabupaten,Labuhan Batu Utara,2023-11-02 18:18:26,2023-11-02 18:18:26
220,33,Sumatera Selatan,Kabupaten,Lahat,2023-11-02 18:18:26,2023-11-02 18:18:26
221,14,Kalimantan Tengah,Kabupaten,Lamandau,2023-11-02 18:18:26,2023-11-02 18:18:26
222,11,Jawa Timur,Kabupaten,Lamongan,2023-11-02 18:18:26,2023-11-02 18:18:26
223,18,Lampung,Kabupaten,Lampung Barat,2023-11-02 18:18:26,2023-11-02 18:18:26
224,18,Lampung,Kabupaten,Lampung Selatan,2023-11-02 18:18:26,2023-11-02 18:18:26
225,18,Lampung,Kabupaten,Lampung Tengah,2023-11-02 18:18:26,2023-11-02 18:18:26
226,18,Lampung,Kabupaten,Lampung Timur,2023-11-02 18:18:26,2023-11-02 18:18:26
227,18,Lampung,Kabupaten,Lampung Utara,2023-11-02 18:18:26,2023-11-02 18:18:26
228,12,Kalimantan Barat,Kabupaten,Landak,2023-11-02 18:18:26,2023-11-02 18:18:26
229,34,Sumatera Utara,Kabupaten,Langkat,2023-11-02 18:18:26,2023-11-02 18:18:26
230,21,Nanggroe Aceh Darussalam (NAD),Kota,Langsa,2023-11-02 18:18:26,2023-11-02 18:18:26
231,24,Papua,Kabupaten,Lanny Jaya,2023-11-02 18:18:26,2023-11-02 18:18:26
232,3,Banten,Kabupaten,Lebak,2023-11-02 18:18:26,2023-11-02 18:18:26
233,4,Bengkulu,Kabupaten,Lebong,2023-11-02 18:18:26,2023-11-02 18:18:26
234,23,Nusa Tenggara Timur (NTT),Kabupaten,Lembata,2023-11-02 18:18:26,2023-11-02 18:18:26
235,21,Nanggroe Aceh Darussalam (NAD),Kota,Lhokseumawe,2023-11-02 18:18:26,2023-11-02 18:18:26
236,32,Sumatera Barat,Kabupaten,Lima Puluh Koto/Kota,2023-11-02 18:18:26,2023-11-02 18:18:26
237,17,Kepulauan Riau,Kabupaten,Lingga,2023-11-02 18:18:26,2023-11-02 18:18:26
238,22,Nusa Tenggara Barat (NTB),Kabupaten,Lombok Barat,2023-11-02 18:18:26,2023-11-02 18:18:26
239,22,Nusa Tenggara Barat (NTB),Kabupaten,Lombok Tengah,2023-11-02 18:18:26,2023-11-02 18:18:26
240,22,Nusa Tenggara Barat (NTB),Kabupaten,Lombok Timur,2023-11-02 18:18:26,2023-11-02 18:18:26
241,22,Nusa Tenggara Barat (NTB),Kabupaten,Lombok Utara,2023-11-02 18:18:26,2023-11-02 18:18:26
242,33,Sumatera Selatan,Kota,Lubuk Linggau,2023-11-02 18:18:26,2023-11-02 18:18:26
243,11,Jawa Timur,Kabupaten,Lumajang,2023-11-02 18:18:26,2023-11-02 18:18:26
244,28,Sulawesi Selatan,Kabupaten,Luwu,2023-11-02 18:18:26,2023-11-02 18:18:26
245,28,Sulawesi Selatan,Kabupaten,Luwu Timur,2023-11-02 18:18:26,2023-11-02 18:18:26
246,28,Sulawesi Selatan,Kabupaten,Luwu Utara,2023-11-02 18:18:26,2023-11-02 18:18:26
247,11,Jawa Timur,Kabupaten,Madiun,2023-11-02 18:18:26,2023-11-02 18:18:26
248,11,Jawa Timur,Kota,Madiun,2023-11-02 18:18:26,2023-11-02 18:18:26
249,10,Jawa Tengah,Kabupaten,Magelang,2023-11-02 18:18:26,2023-11-02 18:18:26
250,10,Jawa Tengah,Kota,Magelang,2023-11-02 18:18:26,2023-11-02 18:18:26
251,11,Jawa Timur,Kabupaten,Magetan,2023-11-02 18:18:26,2023-11-02 18:18:26
252,9,Jawa Barat,Kabupaten,Majalengka,2023-11-02 18:18:26,2023-11-02 18:18:26
253,27,Sulawesi Barat,Kabupaten,Majene,2023-11-02 18:18:26,2023-11-02 18:18:26
254,28,Sulawesi Selatan,Kota,Makassar,2023-11-02 18:18:26,2023-11-02 18:18:26
255,11,Jawa Timur,Kabupaten,Malang,2023-11-02 18:18:26,2023-11-02 18:18:26
256,11,Jawa Timur,Kota,Malang,2023-11-02 18:18:26,2023-11-02 18:18:26
257,16,Kalimantan Utara,Kabupaten,Malinau,2023-11-02 18:18:26,2023-11-02 18:18:26
258,19,Maluku,Kabupaten,Maluku Barat Daya,2023-11-02 18:18:26,2023-11-02 18:18:26
259,19,Maluku,Kabupaten,Maluku Tengah,2023-11-02 18:18:26,2023-11-02 18:18:26
260,19,Maluku,Kabupaten,Maluku Tenggara,2023-11-02 18:18:26,2023-11-02 18:18:26
261,19,Maluku,Kabupaten,Maluku Tenggara Barat,2023-11-02 18:18:26,2023-11-02 18:18:26
262,27,Sulawesi Barat,Kabupaten,Mamasa,2023-11-02 18:18:26,2023-11-02 18:18:26
263,24,Papua,Kabupaten,Mamberamo Raya,2023-11-02 18:18:26,2023-11-02 18:18:26
264,24,Papua,Kabupaten,Mamberamo Tengah,2023-11-02 18:18:26,2023-11-02 18:18:26
265,27,Sulawesi Barat,Kabupaten,Mamuju,2023-11-02 18:18:26,2023-11-02 18:18:26
266,27,Sulawesi Barat,Kabupaten,Mamuju Utara,2023-11-02 18:18:26,2023-11-02 18:18:26
267,31,Sulawesi Utara,Kota,Manado,2023-11-02 18:18:26,2023-11-02 18:18:26
268,34,Sumatera Utara,Kabupaten,Mandailing Natal,2023-11-02 18:18:26,2023-11-02 18:18:26
269,23,Nusa Tenggara Timur (NTT),Kabupaten,Manggarai,2023-11-02 18:18:26,2023-11-02 18:18:26
270,23,Nusa Tenggara Timur (NTT),Kabupaten,Manggarai Barat,2023-11-02 18:18:26,2023-11-02 18:18:26
271,23,Nusa Tenggara Timur (NTT),Kabupaten,Manggarai Timur,2023-11-02 18:18:26,2023-11-02 18:18:26
272,25,Papua Barat,Kabupaten,Manokwari,2023-11-02 18:18:26,2023-11-02 18:18:26
273,25,Papua Barat,Kabupaten,Manokwari Selatan,2023-11-02 18:18:26,2023-11-02 18:18:26
274,24,Papua,Kabupaten,Mappi,2023-11-02 18:18:26,2023-11-02 18:18:26
275,28,Sulawesi Selatan,Kabupaten,Maros,2023-11-02 18:18:26,2023-11-02 18:18:26
276,22,Nusa Tenggara Barat (NTB),Kota,Mataram,2023-11-02 18:18:26,2023-11-02 18:18:26
277,25,Papua Barat,Kabupaten,Maybrat,2023-11-02 18:18:26,2023-11-02 18:18:26
278,34,Sumatera Utara,Kota,Medan,2023-11-02 18:18:26,2023-11-02 18:18:26
279,12,Kalimantan Barat,Kabupaten,Melawi,2023-11-02 18:18:26,2023-11-02 18:18:26
280,8,Jambi,Kabupaten,Merangin,2023-11-02 18:18:26,2023-11-02 18:18:26
281,24,Papua,Kabupaten,Merauke,2023-11-02 18:18:26,2023-11-02 18:18:26
282,18,Lampung,Kabupaten,Mesuji,2023-11-02 18:18:26,2023-11-02 18:18:26
283,18,Lampung,Kota,Metro,2023-11-02 18:18:26,2023-11-02 18:18:26
284,24,Papua,Kabupaten,Mimika,2023-11-02 18:18:26,2023-11-02 18:18:26
285,31,Sulawesi Utara,Kabupaten,Minahasa,2023-11-02 18:18:26,2023-11-02 18:18:26
286,31,Sulawesi Utara,Kabupaten,Minahasa Selatan,2023-11-02 18:18:26,2023-11-02 18:18:26
287,31,Sulawesi Utara,Kabupaten,Minahasa Tenggara,2023-11-02 18:18:26,2023-11-02 18:18:26
288,31,Sulawesi Utara,Kabupaten,Minahasa Utara,2023-11-02 18:18:26,2023-11-02 18:18:26
289,11,Jawa Timur,Kabupaten,Mojokerto,2023-11-02 18:18:26,2023-11-02 18:18:26
290,11,Jawa Timur,Kota,Mojokerto,2023-11-02 18:18:26,2023-11-02 18:18:26
291,29,Sulawesi Tengah,Kabupaten,Morowali,2023-11-02 18:18:26,2023-11-02 18:18:26
292,33,Sumatera Selatan,Kabupaten,Muara Enim,2023-11-02 18:18:26,2023-11-02 18:18:26
293,8,Jambi,Kabupaten,Muaro Jambi,2023-11-02 18:18:26,2023-11-02 18:18:26
294,4,Bengkulu,Kabupaten,Muko Muko,2023-11-02 18:18:26,2023-11-02 18:18:26
295,30,Sulawesi Tenggara,Kabupaten,Muna,2023-11-02 18:18:26,2023-11-02 18:18:26
296,14,Kalimantan Tengah,Kabupaten,Murung Raya,2023-11-02 18:18:26,2023-11-02 18:18:26
297,33,Sumatera Selatan,Kabupaten,Musi Banyuasin,2023-11-02 18:18:26,2023-11-02 18:18:26
298,33,Sumatera Selatan,Kabupaten,Musi Rawas,2023-11-02 18:18:26,2023-11-02 18:18:26
299,24,Papua,Kabupaten,Nabire,2023-11-02 18:18:26,2023-11-02 18:18:26
300,21,Nanggroe Aceh Darussalam (NAD),Kabupaten,Nagan Raya,2023-11-02 18:18:26,2023-11-02 18:18:26
301,23,Nusa Tenggara Timur (NTT),Kabupaten,Nagekeo,2023-11-02 18:18:26,2023-11-02 18:18:26
302,17,Kepulauan Riau,Kabupaten,Natuna,2023-11-02 18:18:26,2023-11-02 18:18:26
303,24,Papua,Kabupaten,Nduga,2023-11-02 18:18:26,2023-11-02 18:18:26
304,23,Nusa Tenggara Timur (NTT),Kabupaten,Ngada,2023-11-02 18:18:26,2023-11-02 18:18:26
305,11,Jawa Timur,Kabupaten,Nganjuk,2023-11-02 18:18:26,2023-11-02 18:18:26
306,11,Jawa Timur,Kabupaten,Ngawi,2023-11-02 18:18:26,2023-11-02 18:18:26
307,34,Sumatera Utara,Kabupaten,Nias,2023-11-02 18:18:26,2023-11-02 18:18:26
308,34,Sumatera Utara,Kabupaten,Nias Barat,2023-11-02 18:18:26,2023-11-02 18:18:26
309,34,Sumatera Utara,Kabupaten,Nias Selatan,2023-11-02 18:18:26,2023-11-02 18:18:26
310,34,Sumatera Utara,Kabupaten,Nias Utara,2023-11-02 18:18:26,2023-11-02 18:18:26
311,16,Kalimantan Utara,Kabupaten,Nunukan,2023-11-02 18:18:26,2023-11-02 18:18:26
312,33,Sumatera Selatan,Kabupaten,Ogan Ilir,2023-11-02 18:18:26,2023-11-02 18:18:26
313,33,Sumatera Selatan,Kabupaten,Ogan Komering Ilir,2023-11-02 18:18:26,2023-11-02 18:18:26
314,33,Sumatera Selatan,Kabupaten,Ogan Komering Ulu,2023-11-02 18:18:26,2023-11-02 18:18:26
315,33,Sumatera Selatan,Kabupaten,Ogan Komering Ulu Selatan,2023-11-02 18:18:26,2023-11-02 18:18:26
316,33,Sumatera Selatan,Kabupaten,Ogan Komering Ulu Timur,2023-11-02 18:18:26,2023-11-02 18:18:26
317,11,Jawa Timur,Kabupaten,Pacitan,2023-11-02 18:18:26,2023-11-02 18:18:26
318,32,Sumatera Barat,Kota,Padang,2023-11-02 18:18:26,2023-11-02 18:18:26
319,34,Sumatera Utara,Kabupaten,Padang Lawas,2023-11-02 18:18:26,2023-11-02 18:18:26
320,34,Sumatera Utara,Kabupaten,Padang Lawas Utara,2023-11-02 18:18:26,2023-11-02 18:18:26
321,32,Sumatera Barat,Kota,Padang Panjang,2023-11-02 18:18:26,2023-11-02 18:18:26
322,32,Sumatera Barat,Kabupaten,Padang Pariaman,2023-11-02 18:18:26,2023-11-02 18:18:26
323,34,Sumatera Utara,Kota,Padang Sidempuan,2023-11-02 18:18:26,2023-11-02 18:18:26
324,33,Sumatera Selatan,Kota,Pagar Alam,2023-11-02 18:18:26,2023-11-02 18:18:26
325,34,Sumatera Utara,Kabupaten,Pakpak Bharat,2023-11-02 18:18:26,2023-11-02 18:18:26
326,14,Kalimantan Tengah,Kota,Palangka Raya,2023-11-02 18:18:26,2023-11-02 18:18:26
327,33,Sumatera Selatan,Kota,Palembang,2023-11-02 18:18:26,2023-11-02 18:18:26
328,28,Sulawesi Selatan,Kota,Palopo,2023-11-02 18:18:26,2023-11-02 18:18:26
329,29,Sulawesi Tengah,Kota,Palu,2023-11-02 18:18:26,2023-11-02 18:18:26
330,11,Jawa Timur,Kabupaten,Pamekasan,2023-11-02 18:18:26,2023-11-02 18:18:26
331,3,Banten,Kabupaten,Pandeglang,2023-11-02 18:18:26,2023-11-02 18:18:26
332,9,Jawa Barat,Kabupaten,Pangandaran,2023-11-02 18:18:26,2023-11-02 18:18:26
333,28,Sulawesi Selatan,Kabupaten,Pangkajene Kepulauan,2023-11-02 18:18:26,2023-11-02 18:18:26
334,2,Bangka Belitung,Kota,Pangkal Pinang,2023-11-02 18:18:26,2023-11-02 18:18:26
335,24,Papua,Kabupaten,Paniai,2023-11-02 18:18:26,2023-11-02 18:18:26
336,28,Sulawesi Selatan,Kota,Parepare,2023-11-02 18:18:26,2023-11-02 18:18:26
337,32,Sumatera Barat,Kota,Pariaman,2023-11-02 18:18:26,2023-11-02 18:18:26
338,29,Sulawesi Tengah,Kabupaten,Parigi Moutong,2023-11-02 18:18:26,2023-11-02 18:18:26
339,32,Sumatera Barat,Kabupaten,Pasaman,2023-11-02 18:18:26,2023-11-02 18:18:26
340,32,Sumatera Barat,Kabupaten,Pasaman Barat,2023-11-02 18:18:26,2023-11-02 18:18:26
341,15,Kalimantan Timur,Kabupaten,Paser,2023-11-02 18:18:26,2023-11-02 18:18:26
342,11,Jawa Timur,Kabupaten,Pasuruan,2023-11-02 18:18:26,2023-11-02 18:18:26
343,11,Jawa Timur,Kota,Pasuruan,2023-11-02 18:18:26,2023-11-02 18:18:26
344,10,Jawa Tengah,Kabupaten,Pati,2023-11-02 18:18:26,2023-11-02 18:18:26
345,32,Sumatera Barat,Kota,Payakumbuh,2023-11-02 18:18:26,2023-11-02 18:18:26
346,25,Papua Barat,Kabupaten,Pegunungan Arfak,2023-11-02 18:18:26,2023-11-02 18:18:26
347,24,Papua,Kabupaten,Pegunungan Bintang,2023-11-02 18:18:26,2023-11-02 18:18:26
348,10,Jawa Tengah,Kabupaten,Pekalongan,2023-11-02 18:18:26,2023-11-02 18:18:26
349,10,Jawa Tengah,Kota,Pekalongan,2023-11-02 18:18:26,2023-11-02 18:18:26
350,26,Riau,Kota,Pekanbaru,2023-11-02 18:18:26,2023-11-02 18:18:26
351,26,Riau,Kabupaten,Pelalawan,2023-11-02 18:18:26,2023-11-02 18:18:26
352,10,Jawa Tengah,Kabupaten,Pemalang,2023-11-02 18:18:26,2023-11-02 18:18:26
353,34,Sumatera Utara,Kota,Pematang Siantar,2023-11-02 18:18:26,2023-11-02 18:18:26
354,15,Kalimantan Timur,Kabupaten,Penajam Paser Utara,2023-11-02 18:18:26,2023-11-02 18:18:26
355,18,Lampung,Kabupaten,Pesawaran,2023-11-02 18:18:26,2023-11-02 18:18:26
356,18,Lampung,Kabupaten,Pesisir Barat,2023-11-02 18:18:26,2023-11-02 18:18:26
357,32,Sumatera Barat,Kabupaten,Pesisir Selatan,2023-11-02 18:18:26,2023-11-02 18:18:26
358,21,Nanggroe Aceh Darussalam (NAD),Kabupaten,Pidie,2023-11-02 18:18:26,2023-11-02 18:18:26
359,21,Nanggroe Aceh Darussalam (NAD),Kabupaten,Pidie Jaya,2023-11-02 18:18:26,2023-11-02 18:18:26
360,28,Sulawesi Selatan,Kabupaten,Pinrang,2023-11-02 18:18:26,2023-11-02 18:18:26
361,7,Gorontalo,Kabupaten,Pohuwato,2023-11-02 18:18:26,2023-11-02 18:18:26
362,27,Sulawesi Barat,Kabupaten,Polewali Mandar,2023-11-02 18:18:26,2023-11-02 18:18:26
363,11,Jawa Timur,Kabupaten,Ponorogo,2023-11-02 18:18:26,2023-11-02 18:18:26
364,12,Kalimantan Barat,Kabupaten,Pontianak,2023-11-02 18:18:26,2023-11-02 18:18:26
365,12,Kalimantan Barat,Kota,Pontianak,2023-11-02 18:18:26,2023-11-02 18:18:26
366,29,Sulawesi Tengah,Kabupaten,Poso,2023-11-02 18:18:26,2023-11-02 18:18:26
367,33,Sumatera Selatan,Kota,Prabumulih,2023-11-02 18:18:26,2023-11-02 18:18:26
368,18,Lampung,Kabupaten,Pringsewu,2023-11-02 18:18:26,2023-11-02 18:18:26
369,11,Jawa Timur,Kabupaten,Probolinggo,2023-11-02 18:18:26,2023-11-02 18:18:26
370,11,Jawa Timur,Kota,Probolinggo,2023-11-02 18:18:26,2023-11-02 18:18:26
371,14,Kalimantan Tengah,Kabupaten,Pulang Pisau,2023-11-02 18:18:26,2023-11-02 18:18:26
372,20,Maluku Utara,Kabupaten,Pulau Morotai,2023-11-02 18:18:26,2023-11-02 18:18:26
373,24,Papua,Kabupaten,Puncak,2023-11-02 18:18:26,2023-11-02 18:18:26
374,24,Papua,Kabupaten,Puncak Jaya,2023-11-02 18:18:26,2023-11-02 18:18:26
375,10,Jawa Tengah,Kabupaten,Purbalingga,2023-11-02 18:18:26,2023-11-02 18:18:26
376,9,Jawa Barat,Kabupaten,Purwakarta,2023-11-02 18:18:26,2023-11-02 18:18:26
377,10,Jawa Tengah,Kabupaten,Purworejo,2023-11-02 18:18:26,2023-11-02 18:18:26
378,25,Papua Barat,Kabupaten,Raja Ampat,2023-11-02 18:18:26,2023-11-02 18:18:26
379,4,Bengkulu,Kabupaten,Rejang Lebong,2023-11-02 18:18:26,2023-11-02 18:18:26
380,10,Jawa Tengah,Kabupaten,Rembang,2023-11-02 18:18:26,2023-11-02 18:18:26
381,26,Riau,Kabupaten,Rokan Hilir,2023-11-02 18:18:26,2023-11-02 18:18:26
382,26,Riau,Kabupaten,Rokan Hulu,2023-11-02 18:18:26,2023-11-02 18:18:26
383,23,Nusa Tenggara Timur (NTT),Kabupaten,Rote Ndao,2023-11-02 18:18:26,2023-11-02 18:18:26
384,21,Nanggroe Aceh Darussalam (NAD),Kota,Sabang,2023-11-02 18:18:26,2023-11-02 18:18:26
385,23,Nusa Tenggara Timur (NTT),Kabupaten,Sabu Raijua,2023-11-02 18:18:26,2023-11-02 18:18:26
386,10,Jawa Tengah,Kota,Salatiga,2023-11-02 18:18:26,2023-11-02 18:18:26
387,15,Kalimantan Timur,Kota,Samarinda,2023-11-02 18:18:26,2023-11-02 18:18:26
388,12,Kalimantan Barat,Kabupaten,Sambas,2023-11-02 18:18:26,2023-11-02 18:18:26
389,34,Sumatera Utara,Kabupaten,Samosir,2023-11-02 18:18:26,2023-11-02 18:18:26
390,11,Jawa Timur,Kabupaten,Sampang,2023-11-02 18:18:26,2023-11-02 18:18:26
391,12,Kalimantan Barat,Kabupaten,Sanggau,2023-11-02 18:18:26,2023-11-02 18:18:26
392,24,Papua,Kabupaten,Sarmi,2023-11-02 18:18:26,2023-11-02 18:18:26
393,8,Jambi,Kabupaten,Sarolangun,2023-11-02 18:18:26,2023-11-02 18:18:26
394,32,Sumatera Barat,Kota,Sawah Lunto,2023-11-02 18:18:26,2023-11-02 18:18:26
395,12,Kalimantan Barat,Kabupaten,Sekadau,2023-11-02 18:18:26,2023-11-02 18:18:26
396,28,Sulawesi Selatan,Kabupaten,Selayar (Kepulauan Selayar),2023-11-02 18:18:26,2023-11-02 18:18:26
397,4,Bengkulu,Kabupaten,Seluma,2023-11-02 18:18:26,2023-11-02 18:18:26
398,10,Jawa Tengah,Kabupaten,Semarang,2023-11-02 18:18:26,2023-11-02 18:18:26
399,10,Jawa Tengah,Kota,Semarang,2023-11-02 18:18:26,2023-11-02 18:18:26
400,19,Maluku,Kabupaten,Seram Bagian Barat,2023-11-02 18:18:26,2023-11-02 18:18:26
401,19,Maluku,Kabupaten,Seram Bagian Timur,2023-11-02 18:18:26,2023-11-02 18:18:26
402,3,Banten,Kabupaten,Serang,2023-11-02 18:18:26,2023-11-02 18:18:26
403,3,Banten,Kota,Serang,2023-11-02 18:18:26,2023-11-02 18:18:26
404,34,Sumatera Utara,Kabupaten,Serdang Bedagai,2023-11-02 18:18:26,2023-11-02 18:18:26
405,14,Kalimantan Tengah,Kabupaten,Seruyan,2023-11-02 18:18:26,2023-11-02 18:18:26
406,26,Riau,Kabupaten,Siak,2023-11-02 18:18:26,2023-11-02 18:18:26
407,34,Sumatera Utara,Kota,Sibolga,2023-11-02 18:18:26,2023-11-02 18:18:26
408,28,Sulawesi Selatan,Kabupaten,Sidenreng Rappang/Rapang,2023-11-02 18:18:26,2023-11-02 18:18:26
409,11,Jawa Timur,Kabupaten,Sidoarjo,2023-11-02 18:18:26,2023-11-02 18:18:26
410,29,Sulawesi Tengah,Kabupaten,Sigi,2023-11-02 18:18:26,2023-11-02 18:18:26
411,32,Sumatera Barat,Kabupaten,Sijunjung (Sawah Lunto Sijunjung),2023-11-02 18:18:26,2023-11-02 18:18:26
412,23,Nusa Tenggara Timur (NTT),Kabupaten,Sikka,2023-11-02 18:18:26,2023-11-02 18:18:26
413,34,Sumatera Utara,Kabupaten,Simalungun,2023-11-02 18:18:26,2023-11-02 18:18:26
414,21,Nanggroe Aceh Darussalam (NAD),Kabupaten,Simeulue,2023-11-02 18:18:26,2023-11-02 18:18:26
415,12,Kalimantan Barat,Kota,Singkawang,2023-11-02 18:18:26,2023-11-02 18:18:26
416,28,Sulawesi Selatan,Kabupaten,Sinjai,2023-11-02 18:18:26,2023-11-02 18:18:26
417,12,Kalimantan Barat,Kabupaten,Sintang,2023-11-02 18:18:26,2023-11-02 18:18:26
418,11,Jawa Timur,Kabupaten,Situbondo,2023-11-02 18:18:26,2023-11-02 18:18:26
419,5,DI Yogyakarta,Kabupaten,Sleman,2023-11-02 18:18:26,2023-11-02 18:18:26
420,32,Sumatera Barat,Kabupaten,Solok,2023-11-02 18:18:26,2023-11-02 18:18:26
421,32,Sumatera Barat,Kota,Solok,2023-11-02 18:18:26,2023-11-02 18:18:26
422,32,Sumatera Barat,Kabupaten,Solok Selatan,2023-11-02 18:18:26,2023-11-02 18:18:26
423,28,Sulawesi Selatan,Kabupaten,Soppeng,2023-11-02 18:18:26,2023-11-02 18:18:26
424,25,Papua Barat,Kabupaten,Sorong,2023-11-02 18:18:26,2023-11-02 18:18:26
425,25,Papua Barat,Kota,Sorong,2023-11-02 18:18:26,2023-11-02 18:18:26
426,25,Papua Barat,Kabupaten,Sorong Selatan,2023-11-02 18:18:26,2023-11-02 18:18:26
427,10,Jawa Tengah,Kabupaten,Sragen,2023-11-02 18:18:26,2023-11-02 18:18:26
428,9,Jawa Barat,Kabupaten,Subang,2023-11-02 18:18:26,2023-11-02 18:18:26
429,21,Nanggroe Aceh Darussalam (NAD),Kota,Subulussalam,2023-11-02 18:18:26,2023-11-02 18:18:26
430,9,Jawa Barat,Kabupaten,Sukabumi,2023-11-02 18:18:26,2023-11-02 18:18:26
431,9,Jawa Barat,Kota,Sukabumi,2023-11-02 18:18:26,2023-11-02 18:18:26
432,14,Kalimantan Tengah,Kabupaten,Sukamara,2023-11-02 18:18:26,2023-11-02 18:18:26
433,10,Jawa Tengah,Kabupaten,Sukoharjo,2023-11-02 18:18:26,2023-11-02 18:18:26
434,23,Nusa Tenggara Timur (NTT),Kabupaten,Sumba Barat,2023-11-02 18:18:26,2023-11-02 18:18:26
435,23,Nusa Tenggara Timur (NTT),Kabupaten,Sumba Barat Daya,2023-11-02 18:18:26,2023-11-02 18:18:26
436,23,Nusa Tenggara Timur (NTT),Kabupaten,Sumba Tengah,2023-11-02 18:18:26,2023-11-02 18:18:26
437,23,Nusa Tenggara Timur (NTT),Kabupaten,Sumba Timur,2023-11-02 18:18:26,2023-11-02 18:18:26
438,22,Nusa Tenggara Barat (NTB),Kabupaten,Sumbawa,2023-11-02 18:18:26,2023-11-02 18:18:26
439,22,Nusa Tenggara Barat (NTB),Kabupaten,Sumbawa Barat,2023-11-02 18:18:26,2023-11-02 18:18:26
440,9,Jawa Barat,Kabupaten,Sumedang,2023-11-02 18:18:26,2023-11-02 18:18:26
441,11,Jawa Timur,Kabupaten,Sumenep,2023-11-02 18:18:26,2023-11-02 18:18:26
442,8,Jambi,Kota,Sungaipenuh,2023-11-02 18:18:26,2023-11-02 18:18:26
443,24,Papua,Kabupaten,Supiori,2023-11-02 18:18:26,2023-11-02 18:18:26
444,11,Jawa Timur,Kota,Surabaya,2023-11-02 18:18:26,2023-11-02 18:18:26
445,10,Jawa Tengah,Kota,Surakarta (Solo),2023-11-02 18:18:26,2023-11-02 18:18:26
446,13,Kalimantan Selatan,Kabupaten,Tabalong,2023-11-02 18:18:26,2023-11-02 18:18:26
447,1,Bali,Kabupaten,Tabanan,2023-11-02 18:18:26,2023-11-02 18:18:26
448,28,Sulawesi Selatan,Kabupaten,Takalar,2023-11-02 18:18:26,2023-11-02 18:18:26
449,25,Papua Barat,Kabupaten,Tambrauw,2023-11-02 18:18:26,2023-11-02 18:18:26
450,16,Kalimantan Utara,Kabupaten,Tana Tidung,2023-11-02 18:18:26,2023-11-02 18:18:26
451,28,Sulawesi Selatan,Kabupaten,Tana Toraja,2023-11-02 18:18:26,2023-11-02 18:18:26
452,13,Kalimantan Selatan,Kabupaten,Tanah Bumbu,2023-11-02 18:18:26,2023-11-02 18:18:26
453,32,Sumatera Barat,Kabupaten,Tanah Datar,2023-11-02 18:18:26,2023-11-02 18:18:26
454,13,Kalimantan Selatan,Kabupaten,Tanah Laut,2023-11-02 18:18:26,2023-11-02 18:18:26
455,3,Banten,Kabupaten,Tangerang,2023-11-02 18:18:26,2023-11-02 18:18:26
456,3,Banten,Kota,Tangerang,2023-11-02 18:18:26,2023-11-02 18:18:26
457,3,Banten,Kota,Tangerang Selatan,2023-11-02 18:18:26,2023-11-02 18:18:26
458,18,Lampung,Kabupaten,Tanggamus,2023-11-02 18:18:26,2023-11-02 18:18:26
459,34,Sumatera Utara,Kota,Tanjung Balai,2023-11-02 18:18:26,2023-11-02 18:18:26
460,8,Jambi,Kabupaten,Tanjung Jabung Barat,2023-11-02 18:18:26,2023-11-02 18:18:26
461,8,Jambi,Kabupaten,Tanjung Jabung Timur,2023-11-02 18:18:26,2023-11-02 18:18:26
462,17,Kepulauan Riau,Kota,Tanjung Pinang,2023-11-02 18:18:26,2023-11-02 18:18:26
463,34,Sumatera Utara,Kabupaten,Tapanuli Selatan,2023-11-02 18:18:26,2023-11-02 18:18:26
464,34,Sumatera Utara,Kabupaten,Tapanuli Tengah,2023-11-02 18:18:26,2023-11-02 18:18:26
465,34,Sumatera Utara,Kabupaten,Tapanuli Utara,2023-11-02 18:18:26,2023-11-02 18:18:26
466,13,Kalimantan Selatan,Kabupaten,Tapin,2023-11-02 18:18:26,2023-11-02 18:18:26
467,16,Kalimantan Utara,Kota,Tarakan,2023-11-02 18:18:26,2023-11-02 18:18:26
468,9,Jawa Barat,Kabupaten,Tasikmalaya,2023-11-02 18:18:26,2023-11-02 18:18:26
469,9,Jawa Barat,Kota,Tasikmalaya,2023-11-02 18:18:26,2023-11-02 18:18:26
470,34,Sumatera Utara,Kota,Tebing Tinggi,2023-11-02 18:18:26,2023-11-02 18:18:26
471,8,Jambi,Kabupaten,Tebo,2023-11-02 18:18:26,2023-11-02 18:18:26
472,10,Jawa Tengah,Kabupaten,Tegal,2023-11-02 18:18:26,2023-11-02 18:18:26
473,10,Jawa Tengah,Kota,Tegal,2023-11-02 18:18:26,2023-11-02 18:18:26
474,25,Papua Barat,Kabupaten,Teluk Bintuni,2023-11-02 18:18:26,2023-11-02 18:18:26
475,25,Papua Barat,Kabupaten,Teluk Wondama,2023-11-02 18:18:26,2023-11-02 18:18:26
476,10,Jawa Tengah,Kabupaten,Temanggung,2023-11-02 18:18:26,2023-11-02 18:18:26
477,20,Maluku Utara,Kota,Ternate,2023-11-02 18:18:26,2023-11-02 18:18:26
478,20,Maluku Utara,Kota,Tidore Kepulauan,2023-11-02 18:18:26,2023-11-02 18:18:26
479,23,Nusa Tenggara Timur (NTT),Kabupaten,Timor Tengah Selatan,2023-11-02 18:18:26,2023-11-02 18:18:26
480,23,Nusa Tenggara Timur (NTT),Kabupaten,Timor Tengah Utara,2023-11-02 18:18:26,2023-11-02 18:18:26
481,34,Sumatera Utara,Kabupaten,Toba Samosir,2023-11-02 18:18:26,2023-11-02 18:18:26
482,29,Sulawesi Tengah,Kabupaten,Tojo Una-Una,2023-11-02 18:18:26,2023-11-02 18:18:26
483,29,Sulawesi Tengah,Kabupaten,Toli-Toli,2023-11-02 18:18:26,2023-11-02 18:18:26
484,24,Papua,Kabupaten,Tolikara,2023-11-02 18:18:26,2023-11-02 18:18:26
485,31,Sulawesi Utara,Kota,Tomohon,2023-11-02 18:18:26,2023-11-02 18:18:26
486,28,Sulawesi Selatan,Kabupaten,Toraja Utara,2023-11-02 18:18:26,2023-11-02 18:18:26
487,11,Jawa Timur,Kabupaten,Trenggalek,2023-11-02 18:18:26,2023-11-02 18:18:26
488,19,Maluku,Kota,Tual,2023-11-02 18:18:26,2023-11-02 18:18:26
489,11,Jawa Timur,Kabupaten,Tuban,2023-11-02 18:18:26,2023-11-02 18:18:26
490,18,Lampung,Kabupaten,Tulang Bawang,2023-11-02 18:18:26,2023-11-02 18:18:26
491,18,Lampung,Kabupaten,Tulang Bawang Barat,2023-11-02 18:18:26,2023-11-02 18:18:26
492,11,Jawa Timur,Kabupaten,Tulungagung,2023-11-02 18:18:26,2023-11-02 18:18:26
493,28,Sulawesi Selatan,Kabupaten,Wajo,2023-11-02 18:18:26,2023-11-02 18:18:26
494,30,Sulawesi Tenggara,Kabupaten,Wakatobi,2023-11-02 18:18:26,2023-11-02 18:18:26
495,24,Papua,Kabupaten,Waropen,2023-11-02 18:18:26,2023-11-02 18:18:26
496,18,Lampung,Kabupaten,Way Kanan,2023-11-02 18:18:26,2023-11-02 18:18:26
497,10,Jawa Tengah,Kabupaten,Wonogiri,2023-11-02 18:18:26,2023-11-02 18:18:26
498,10,Jawa Tengah,Kabupaten,Wonosobo,2023-11-02 18:18:26,2023-11-02 18:18:26
499,24,Papua,Kabupaten,Yahukimo,2023-11-02 18:18:26,2023-11-02 18:18:26
500,24,Papua,Kabupaten,Yalimo,2023-11-02 18:18:26,2023-11-02 18:18:26
501,5,DI Yogyakarta,Kota,Yogyakarta,2023-11-02 18:18:26,2023-11-02 18:18:26
502,30,Sulawesi Tenggara,Kabupaten,Kolaka Timur,2023-11-02 18:18:26,2023-11-02 18:18:26
